name	method	return_type	entity_set	n_params	params
Delete	GET			2	bindingParameter:Collection(Juritis.LegalDesk.ViewModel.Cadastro.DefaultAlcadaView), alcadaId:Edm.String
IncluirProfissionalAlcada	GET			4	bindingParameter:Collection(Juritis.LegalDesk.ViewModel.Cadastro.DefaultAlcadaCategoriaView), profissionais:Edm.String, alcadaSuperiorId:Edm.String, alcadaCategoriaId:Edm.String
GetPeriodoTimesheet	GET			2	bindingParameter:Collection(Juritis.LegalDesk.ViewModel.Cadastro.DefaultAlocacaoRecebimentoHorasAlocarCasoView), casoId:Edm.String
GetPeriodoTimesheet	GET			3	bindingParameter:Collection(Juritis.LegalDesk.ViewModel.Cadastro.DefaultAlocacaoRecebimentoHorasAlocarCasoJuncaoView), casoId:Edm.String, juncaoId:Edm.String
GetPeriodoTimesheet	GET			2	bindingParameter:Collection(Juritis.LegalDesk.ViewModel.Cadastro.DefaultAlocacaoRecebimentoHorasAlocarClienteView), clienteId:Edm.String
GetPeriodoTimesheet	GET			2	bindingParameter:Collection(Juritis.LegalDesk.ViewModel.Cadastro.DefaultAlocacaoRecebimentoHorasAlocarJuncaoView), juncaoId:Edm.String
Alocar	GET			4	bindingParameter:Collection(Juritis.LegalDesk.ViewModel.Cadastro.DefaultAlocacaoRecebimentoTotalView), casoIds:Edm.String, juncaoId:Edm.String, anoMes:Edm.String
AlocarGuardandoSaldo	GET			4	bindingParameter:Collection(Juritis.LegalDesk.ViewModel.Cadastro.DefaultAlocacaoRecebimentoTotalView), casoIds:Edm.String, juncaoId:Edm.String, anoMes:Edm.String
FecharAnoMes	GET			2	bindingParameter:Collection(Juritis.LegalDesk.ViewModel.Cadastro.DefaultAlocacaoRecebimentoTotalView), anoMes:Edm.String
CancelarAnoMes	GET			6	bindingParameter:Collection(Juritis.LegalDesk.ViewModel.Cadastro.DefaultAlocacaoRecebimentoTotalView), periodoInicial:Edm.String, periodoFinal:Edm.String, anoMesAberto:Edm.String, casoIds:Edm.String, juncaoId:Edm.String
IsProtheusDlldLoaded	GET			1	bindingParameter:Collection(Juritis.LegalDesk.ViewModel.Cadastro.DefaultAlocacaoRecebimentoTotalView)
AlocarManual	GET			6	bindingParameter:Collection(Juritis.LegalDesk.ViewModel.Cadastro.DefaultAlocacaoRecebimentoTotalView), alocacoes:Edm.String, casoId:Edm.String, anoMesAberto:Edm.String, group:Edm.String, juncaoId:Edm.String
TransferenciaAutomatica	GET			2	bindingParameter:Collection(Juritis.LegalDesk.ViewModel.Cadastro.DefaultAlocacaoRecebimentoTotalView), contratoCodigo:Edm.String
DescarteSaldo	GET			4	bindingParameter:Collection(Juritis.LegalDesk.ViewModel.Cadastro.DefaultAlocacaoRecebimentoTotalView), ids:Edm.String, motivoDescarte:Edm.String, anoMes:Edm.String
RestaurarDescarteSaldo	GET			2	bindingParameter:Collection(Juritis.LegalDesk.ViewModel.Cadastro.DefaultAlocacaoRecebimentoTotalView), ids:Edm.String
TransferirSaldo	GET			6	bindingParameter:Collection(Juritis.LegalDesk.ViewModel.Cadastro.DefaultAlocacaoRecebimentoTotalView), casoOrigemId:Edm.String, transferencias:Edm.String, motivo:Edm.String, juncaoId:Edm.String, anoMesAberto:Edm.String
Totais	GET			5	bindingParameter:Collection(Juritis.LegalDesk.ViewModel.Cadastro.DefaultAlocacaoRecebimentoTotalDetalheView), idAlocacao:Edm.String, contratoCodigo:Edm.String, clienteId:Edm.String, tipoContrato:Edm.String
GetResponsaveisAssunto	GET			2	bindingParameter:Collection(Juritis.LegalDesk.ViewModel.Cadastro.DefaultAndamentoView), assuntoId:Edm.String
CadastrarEmail	GET			8	bindingParameter:Collection(Juritis.LegalDesk.ViewModel.Cadastro.DefaultAndamentoView), id:Edm.String, emails:Edm.String, assuntos:Edm.String, textos:Edm.String, envia:Edm.String, printInfos:Edm.String, anexosToSend:Edm.String
ImportAndamentos	GET			2	bindingParameter:Collection(Juritis.LegalDesk.ViewModel.Cadastro.DefaultAndamentoView), assuntoId:Edm.String
InsertFilteredIntoQueue	GET			1	bindingParameter:Collection(Juritis.LegalDesk.ViewModel.Cadastro.DefaultAndamentoGridView)
ScheduleExportation	GET			19	bindingParameter:Collection(Juritis.LegalDesk.ViewModel.Cadastro.DefaultAndamentoGridView), exportModelId:Edm.String, assuntoEmail:Edm.String, diaAgendamento:Edm.String, diaSemana:Edm.String, diaPrimeiraQuinzena:Edm.String, diaSegundaQuinzena:Edm.String, nomeAgendamento:Edm.String, modeloTelaId:Edm.String, profileId:Edm.String, exportName:Edm.String, screenInfosJson:Edm.String, exportType:Edm.String, extension:Edm.String, descricao:Edm.String, destinatario:Edm.String, copia:Edm.String, periodicidade:Edm.String, reportFiltersRightBar:Edm.String
SingleScheduleRun	GET			2	bindingParameter:Collection(Juritis.LegalDesk.ViewModel.Cadastro.DefaultAndamentoGridView), singularAgendadorId:Edm.String
GroupPastas	GET			1	bindingParameter:Collection(Juritis.LegalDesk.ViewModel.Cadastro.DefaultRelatorioGerencialView)
Aprovar	GET			2	bindingParameter:Collection(Juritis.LegalDesk.ViewModel.Cadastro.DefaultAprovacaoCaixinhaView), caixinhaId:Edm.String
Reprovar	GET			3	bindingParameter:Collection(Juritis.LegalDesk.ViewModel.Cadastro.DefaultAprovacaoCaixinhaView), caixinhaId:Edm.String, motivoReprovacao:Edm.String
GetResponsaveisAssunto	GET			3	bindingParameter:Collection(Juritis.LegalDesk.ViewModel.Cadastro.DefaultCompromissoView), assuntoId:Edm.String, tipoResponsabilidadePrefId:Edm.String
GetEligibleAppointments2Outlook	GET			2	bindingParameter:Collection(Juritis.LegalDesk.ViewModel.Cadastro.DefaultCompromissoView), profissionalId:Edm.String
GetCompromissoByItemIdOutlook	GET			2	bindingParameter:Collection(Juritis.LegalDesk.ViewModel.Cadastro.DefaultCompromissoView), appointmentId:Edm.String
GetProfessionalsData	GET			2	bindingParameter:Collection(Juritis.LegalDesk.ViewModel.Cadastro.DefaultCompromissoView), compromissosId:Edm.String
GetCompromissoAssuntoDetalhe	GET			2	bindingParameter:Collection(Juritis.LegalDesk.ViewModel.Cadastro.DefaultCompromissoView), assuntoId:Edm.String
SyncOutlook	GET			2	bindingParameter:Collection(Juritis.LegalDesk.ViewModel.Cadastro.DefaultCompromissoView), compromissosId:Edm.String
SetDefaultView	GET			2	bindingParameter:Collection(Juritis.LegalDesk.ViewModel.Cadastro.DefaultCompromissoView), preferencia:Edm.String
InsertFilteredIntoQueue	GET			2	bindingParameter:Collection(Juritis.LegalDesk.ViewModel.Cadastro.DefaultCompromissoGridView), profissionais:Edm.String
GetSchedulerDataMensal	GET			4	bindingParameter:Collection(Juritis.LegalDesk.ViewModel.Cadastro.DefaultCompromissoGridView), dtBefore:Edm.DateTimeOffset, dtAfter:Edm.DateTimeOffset, profissionais:Edm.String
AlterarResponsavelLote	GET			9	bindingParameter:Collection(Juritis.LegalDesk.ViewModel.Cadastro.DefaultCompromissoGridView), tipoEntidade:Edm.String, tipoOperacao:Edm.String, profissionais:Edm.String, profissionalExclusaoId:Edm.String, profissionalInclusaoId:Edm.String, profissionalInclusaoSigla:Edm.String, tipoResponsabilidadeInclusaoId:Edm.String, tipoResponsabilidadeExclusaoId:Edm.String
AlterarRespLoteReport	GET			2	bindingParameter:Collection(Juritis.LegalDesk.ViewModel.Cadastro.DefaultCompromissoGridView), alteracaoId:Edm.String
ScheduleExportation	GET			19	bindingParameter:Collection(Juritis.LegalDesk.ViewModel.Cadastro.DefaultCompromissoGridView), exportModelId:Edm.String, assuntoEmail:Edm.String, diaAgendamento:Edm.String, diaSemana:Edm.String, diaPrimeiraQuinzena:Edm.String, diaSegundaQuinzena:Edm.String, nomeAgendamento:Edm.String, modeloTelaId:Edm.String, profileId:Edm.String, exportName:Edm.String, screenInfosJson:Edm.String, exportType:Edm.String, extension:Edm.String, descricao:Edm.String, destinatario:Edm.String, copia:Edm.String, periodicidade:Edm.String, reportFiltersRightBar:Edm.String
SingleScheduleRun	GET			2	bindingParameter:Collection(Juritis.LegalDesk.ViewModel.Cadastro.DefaultCompromissoGridView), singularAgendadorId:Edm.String
Load	GET			1	bindingParameter:Collection(Juritis.LegalDesk.ViewModel.Cadastro.DefaultCronometroView)
UpdateAssuntosEmLote	GET			5	bindingParameter:Collection(Juritis.LegalDesk.ViewModel.Cadastro.DefaultAssuntoGridView), configuracaoId:Edm.String, assuntoData:Edm.String, isFullFilled:Edm.String, fromConfig:Edm.String
InsertFilteredIntoQueue	GET			4	bindingParameter:Collection(Juritis.LegalDesk.ViewModel.Cadastro.DefaultAssuntoGridView), isDirect:Edm.Boolean, isRelatorio:Edm.Boolean, extensao:Edm.String
InsertFilteredIntoQueueWithParams	GET			9	bindingParameter:Collection(Juritis.LegalDesk.ViewModel.Cadastro.DefaultAssuntoGridView), isDirect:Edm.Boolean, reportId:Edm.String, reportName:Edm.String, reportData:Edm.String, reportModelId:Edm.String, reportType:Edm.String, isRelatorio:Edm.Boolean, extensao:Edm.String
InsertFilaAll	GET			3	bindingParameter:Collection(Juritis.LegalDesk.ViewModel.Cadastro.DefaultAssuntoGridView), tipoVinculo:Edm.String, ordenacao:Edm.String
InsertFilaSelected	GET			4	bindingParameter:Collection(Juritis.LegalDesk.ViewModel.Cadastro.DefaultAssuntoGridView), tipoVinculo:Edm.String, ordenacao:Edm.String, idsAssunto:Edm.String
EncerramentoEmLote	GET			6	bindingParameter:Collection(Juritis.LegalDesk.ViewModel.Cadastro.DefaultAssuntoGridView), data:Edm.DateTimeOffset, motivo:Edm.String, detalhamento:Edm.String, encerrarDesdobramento:Edm.String, encerrarDesdobramentoVinculado:Edm.String
EncerramentoEmLoteReport	GET			1	bindingParameter:Collection(Juritis.LegalDesk.ViewModel.Cadastro.DefaultAssuntoGridView)
PeticionamentoEletronicoLote	GET			2	bindingParameter:Collection(Juritis.LegalDesk.ViewModel.Cadastro.DefaultAssuntoGridView), importarDesdobramento:Edm.String
AlteraContrato	GET			5	bindingParameter:Collection(Juritis.LegalDesk.ViewModel.Cadastro.DefaultAssuntoGridView), casoId:Edm.String, contratoId:Edm.String, integracaoProtheus:Edm.String, assuntoId:Edm.String
AlterarResponsavelLote	GET			8	bindingParameter:Collection(Juritis.LegalDesk.ViewModel.Cadastro.DefaultAssuntoGridView), tipoEntidade:Edm.String, tipoOperacao:Edm.String, profissionais:Edm.String, profissionalExclusaoId:Edm.String, profissionalInclusaoId:Edm.String, tipoResponsabilidadeInclusaoId:Edm.String, tipoResponsabilidadeExclusaoId:Edm.String
AlterarRespLoteReport	GET			2	bindingParameter:Collection(Juritis.LegalDesk.ViewModel.Cadastro.DefaultAssuntoGridView), alteracaoId:Edm.String
ImportaProcessoLData	GET			8	bindingParameter:Collection(Juritis.LegalDesk.ViewModel.Cadastro.DefaultAssuntoGridView), numProcessoCNJ:Edm.String, acompanharRecorrente:Edm.String, clienteId:Edm.String, casoId:Edm.String, contratoId:Edm.String, tipoAssuntoId:Edm.String, perfilId:Edm.String
ScheduleReport	GET			18	bindingParameter:Collection(Juritis.LegalDesk.ViewModel.Cadastro.DefaultAssuntoGridView), assuntoEmail:Edm.String, diaAgendamento:Edm.String, diaSemana:Edm.String, diaPrimeiraQuinzena:Edm.String, diaSegundaQuinzena:Edm.String, nomeAgendamento:Edm.String, reportId:Edm.String, reportName:Edm.String, reportType:Edm.String, reportModel:Edm.String, reportData:Edm.String, extension:Edm.String, descricao:Edm.String, destinatario:Edm.String, copia:Edm.String, periodicidade:Edm.String, reportFiltersRightBar:Edm.String
ScheduleExportation	GET			18	bindingParameter:Collection(Juritis.LegalDesk.ViewModel.Cadastro.DefaultAssuntoGridView), exportModelId:Edm.String, assuntoEmail:Edm.String, diaAgendamento:Edm.String, diaSemana:Edm.String, diaPrimeiraQuinzena:Edm.String, diaSegundaQuinzena:Edm.String, nomeAgendamento:Edm.String, modeloTelaId:Edm.String, profileId:Edm.String, exportName:Edm.String, exportType:Edm.String, extension:Edm.String, descricao:Edm.String, destinatario:Edm.String, copia:Edm.String, periodicidade:Edm.String, reportFiltersRightBar:Edm.String
SingleScheduleRun	GET			2	bindingParameter:Collection(Juritis.LegalDesk.ViewModel.Cadastro.DefaultAssuntoGridView), singularAgendadorId:Edm.String
AtualizaValores	GET			3	bindingParameter:Collection(Juritis.LegalDesk.ViewModel.Cadastro.DefaultAssuntoView), assuntoId:Edm.String, dataCorte:Edm.DateTimeOffset
GetMenuItems	GET			3	bindingParameter:Collection(Juritis.LegalDesk.ViewModel.Cadastro.DefaultAbaView), viewModelBase:Edm.String, context:Edm.String
GetTabsConfig	GET			2	bindingParameter:Collection(Juritis.LegalDesk.ViewModel.Cadastro.DefaultAbaView), modeloTela:Edm.String
SaveTabsConfig	GET			4	bindingParameter:Collection(Juritis.LegalDesk.ViewModel.Cadastro.DefaultAbaView), listTabsConfig:Edm.String, byProfile:Edm.Boolean, modeloTela:Edm.String
RestoreTabsConfig	GET			3	bindingParameter:Collection(Juritis.LegalDesk.ViewModel.Cadastro.DefaultAbaView), byProfile:Edm.Boolean, modeloTela:Edm.String
GetAtoRegraManual	GET			3	bindingParameter:Collection(Juritis.LegalDesk.ViewModel.Cadastro.DefaultAtoView), idAtoRegra:Edm.String, idAndamento:Edm.String
ContainsAtoRegraManual	GET			3	bindingParameter:Collection(Juritis.LegalDesk.ViewModel.Cadastro.DefaultAtoView), idAto:Edm.String, idAndamento:Edm.String
ContainsAtoRegraAutomatico	GET			2	bindingParameter:Collection(Juritis.LegalDesk.ViewModel.Cadastro.DefaultAtoView), idAto:Edm.String
PreValidationNewSolicitation	GET			2	bindingParameter:Collection(Juritis.LegalDesk.ViewModel.Cadastro.DefaultAgendamentoDeFeriasView), profissionalId:Edm.String
IsRhProfessional	GET			2	bindingParameter:Collection(Juritis.LegalDesk.ViewModel.Cadastro.DefaultAgendamentoDeFeriasView), profissionalId:Edm.String
IsManagerOrRhProfessional	GET			2	bindingParameter:Collection(Juritis.LegalDesk.ViewModel.Cadastro.DefaultAgendamentoDeFeriasView), profissionalId:Edm.String
PositionProfessionalLogged	GET			2	bindingParameter:Collection(Juritis.LegalDesk.ViewModel.Cadastro.DefaultAgendamentoDeFeriasView), profissionalId:Edm.String
HaveLastSolicitation	GET			2	bindingParameter:Collection(Juritis.LegalDesk.ViewModel.Cadastro.DefaultAgendamentoDeFeriasView), profissionalId:Edm.String
GetLastSolicitation	GET			2	bindingParameter:Collection(Juritis.LegalDesk.ViewModel.Cadastro.DefaultAgendamentoDeFeriasView), profissionalId:Edm.String
GetProfsInVacation	GET			6	bindingParameter:Collection(Juritis.LegalDesk.ViewModel.Cadastro.DefaultAgendamentoDeFeriasView), profId:Edm.String, isManagerProfessional:Edm.Boolean, isRhProfessional:Edm.Boolean, periodoInicial:Edm.String, periodoFinal:Edm.String
AprovacaoGestor	GET			7	bindingParameter:Collection(Juritis.LegalDesk.ViewModel.Cadastro.DefaultAgendamentoDeFeriasView), agendamentoDeFeriasId:Edm.String, profissionalSolicitanteId:Edm.String, profissionalResponsavelId:Edm.String, aprovacaoGestor:Edm.String, motivoGestor:Edm.String, dataAprovacaoGestor:Edm.DateTimeOffset
AprovacaoRh	GET			7	bindingParameter:Collection(Juritis.LegalDesk.ViewModel.Cadastro.DefaultAgendamentoDeFeriasView), agendamentoDeFeriasId:Edm.String, profissionalSolicitanteId:Edm.String, profissionalRhId:Edm.String, aprovacaoRh:Edm.String, motivoRh:Edm.String, dataAprovacaoRh:Edm.DateTimeOffset
RegisterInfoSession	GET			2	bindingParameter:Collection(Juritis.LegalDesk.ViewModel.Cadastro.DefaultRegistroAcaoView), registers:Edm.String
RegisterInfoSession	GET			2	bindingParameter:Collection(Juritis.LegalDesk.ViewModel.Cadastro.DefaultUsuarioAtividadeView), registers:Edm.String
RecalcularPeriodos	GET			3	bindingParameter:Collection(Juritis.LegalDesk.ViewModel.Cadastro.DefaultPeriodoModuloView), modulo:Edm.String, anoMes:Edm.String
GetProfiles	GET			3	bindingParameter:Collection(Juritis.LegalDesk.ViewModel.Cadastro.CadastroPerfilView), entityType:Edm.String, entityId:Edm.String
GetProfilesTipoAssunto	GET			3	bindingParameter:Collection(Juritis.LegalDesk.ViewModel.Cadastro.CadastroPerfilView), entityType:Edm.String, entityId:Edm.String
EncerrarEmLote	GET			2	bindingParameter:Collection(Juritis.LegalDesk.ViewModel.Cadastro.DefaultClienteEmLoteView), selected:Edm.String
ReabrirEmLote	GET			2	bindingParameter:Collection(Juritis.LegalDesk.ViewModel.Cadastro.DefaultClienteEmLoteView), selected:Edm.String
QueryEmLote	GET			1	bindingParameter:Collection(Juritis.LegalDesk.ViewModel.Cadastro.DefaultClienteEmLoteView)
OriginacaoObrigatoria	GET			2	bindingParameter:Collection(Juritis.LegalDesk.ViewModel.Cadastro.DefaultClienteParticipacaoView), participacoes:Edm.String
SomaOriginacao	GET			2	bindingParameter:Collection(Juritis.LegalDesk.ViewModel.Cadastro.DefaultClienteParticipacaoView), originacoes:Edm.String
BuildAssuntoResumo	GET			2	bindingParameter:Collection(Juritis.LegalDesk.ViewModel.Cadastro.DefaultConfiguracaoAssuntoView), assuntoId:Edm.String
BuildDesdobramentoCampos	GET			2	bindingParameter:Collection(Juritis.LegalDesk.ViewModel.Cadastro.DefaultConfiguracaoDesdobramentoView), desdobramentoId:Edm.String
Aprovar	GET			3	bindingParameter:Collection(Juritis.LegalDesk.ViewModel.Cadastro.DefaultCotacaoView), ids:Edm.String, motivo:Edm.String
Reprovar	GET			3	bindingParameter:Collection(Juritis.LegalDesk.ViewModel.Cadastro.DefaultCotacaoView), ids:Edm.String, motivo:Edm.String
Aprovar	GET			5	bindingParameter:Collection(Juritis.LegalDesk.ViewModel.Cadastro.DefaultCotacaoFornecedorAprovacaoView), ids:Edm.String, motivo:Edm.String, motivoId:Edm.String, visao:Edm.String
Reprovar	GET			4	bindingParameter:Collection(Juritis.LegalDesk.ViewModel.Cadastro.DefaultCotacaoFornecedorAprovacaoView), ids:Edm.String, motivo:Edm.String, visao:Edm.String
RetornaHistorico	GET			2	bindingParameter:Collection(Juritis.LegalDesk.ViewModel.Cadastro.DefaultCotacaoFornecedorAprovacaoView), ids:Edm.String
AddProfissionalLancamento	GET			5	bindingParameter:Collection(Juritis.LegalDesk.ViewModel.Cadastro.DefaultBusinessPlanCustoView), dataInicial:Edm.String, dataFinal:Edm.String, ids:Edm.String, businessPlanId:Edm.String
DeleteCustos	GET			2	bindingParameter:Collection(Juritis.LegalDesk.ViewModel.Cadastro.DefaultBusinessPlanCustoView), businessPlanId:Edm.String
RetornaCusto	GET			5	bindingParameter:Collection(Juritis.LegalDesk.ViewModel.Cadastro.DefaultBusinessPlanCustoView), businessPlanId:Edm.String, IdTipo:Edm.String, ProfissionalNovo:Edm.String, anoMes:Edm.String
Replicar	GET			5	bindingParameter:Collection(Juritis.LegalDesk.ViewModel.Cadastro.DefaultBusinessPlanCustoView), businessPlanId:Edm.String, profissionalId:Edm.String, planoContasId:Edm.String, valor:Edm.String
AddProfissionalLancamento	GET			5	bindingParameter:Collection(Juritis.LegalDesk.ViewModel.Cadastro.DefaultBusinessPlanConsolidadoProfissionalView), dataInicial:Edm.String, dataFinal:Edm.String, ids:Edm.String, businessPlanId:Edm.String
DeleteCustos	GET			2	bindingParameter:Collection(Juritis.LegalDesk.ViewModel.Cadastro.DefaultBusinessPlanConsolidadoProfissionalView), businessPlanId:Edm.String
RetornaCusto	GET			4	bindingParameter:Collection(Juritis.LegalDesk.ViewModel.Cadastro.DefaultBusinessPlanConsolidadoProfissionalView), businessPlanId:Edm.String, IdTipo:Edm.String, ProfissionalNovo:Edm.String
Percentual	GET			4	bindingParameter:Collection(Juritis.LegalDesk.ViewModel.Cadastro.DefaultBusinessPlanConsolidadoProfissionalView), businessPlanId:Edm.String, percentual:Edm.Decimal, anoMes:Edm.String
AddProfissionalLancamento	GET			5	bindingParameter:Collection(Juritis.LegalDesk.ViewModel.Cadastro.DefaultBusinessPlanCategoriaView), dataInicial:Edm.String, dataFinal:Edm.String, ids:Edm.String, businessPlanId:Edm.String
DeleteCustos	GET			2	bindingParameter:Collection(Juritis.LegalDesk.ViewModel.Cadastro.DefaultBusinessPlanCategoriaView), businessPlanId:Edm.String
RetornaCusto	GET			4	bindingParameter:Collection(Juritis.LegalDesk.ViewModel.Cadastro.DefaultBusinessPlanCategoriaView), businessPlanId:Edm.String, anoMes:Edm.String, IdTipo:Edm.String
Percentual	GET			4	bindingParameter:Collection(Juritis.LegalDesk.ViewModel.Cadastro.DefaultBusinessPlanCategoriaView), businessPlanId:Edm.String, percentual:Edm.Decimal, anoMes:Edm.String
AddLote	GET			5	bindingParameter:Collection(Juritis.LegalDesk.ViewModel.Cadastro.DefaultBusinessPlanCategoriaView), multiSelectConta:Edm.String, percentual:Edm.String, anoMes:Edm.String, bpId:Edm.String
Devolver	GET			3	bindingParameter:Collection(Juritis.LegalDesk.ViewModel.Cadastro.DefaultDevolucaoRemanejamentoProjetoView), projetoOrigemData:Edm.String, projetosDestinoData:Edm.String
Aprovar	GET			3	bindingParameter:Collection(Juritis.LegalDesk.ViewModel.Cadastro.DefaultDiscrepanciaView), ids:Edm.String, motivo:Edm.String
Reprovar	GET			3	bindingParameter:Collection(Juritis.LegalDesk.ViewModel.Cadastro.DefaultDiscrepanciaView), ids:Edm.String, motivo:Edm.String
BatchDelete	GET			2	bindingParameter:Collection(Juritis.LegalDesk.ViewModel.Cadastro.DefaultExcecaoReceitaAlocacaoView), anoMes:Edm.String
IsDateUtil	GET			4	bindingParameter:Collection(Juritis.LegalDesk.ViewModel.Cadastro.DefaultFeriadoView), empresa:Edm.String, dateTarget:Edm.DateTimeOffset, qntDiasVencimento:Edm.String
GetFeriadosPoliticaVencimento	GET			1	bindingParameter:Collection(Juritis.LegalDesk.ViewModel.Cadastro.DefaultFeriadoView)
GetPlanoContas	GET			2	bindingParameter:Collection(Juritis.LegalDesk.ViewModel.Cadastro.DefaultFornecedorPlanoContaView), fornecedorArr:Edm.String
CheckDependencies	GET			2	bindingParameter:Collection(Juritis.LegalDesk.ViewModel.Cadastro.DefaultGerenciaView), gerenciaId:Edm.String
GetPlanejamento	GET			3	bindingParameter:Collection(Juritis.LegalDesk.ViewModel.Cadastro.DefaultGerenciaCentroCustoView), gerenciaId:Edm.String, grupoJuridicoId:Edm.String
CheckGrupoJuridico	GET			3	bindingParameter:Collection(Juritis.LegalDesk.ViewModel.Cadastro.DefaultGerenciaCentroCustoView), gerenciaId:Edm.String, grupoJuridicoId:Edm.String
ImportaDistribuicaoLData	GET			7	bindingParameter:Collection(Juritis.LegalDesk.ViewModel.Cadastro.DefaultLDataDistribuicaoView), lDataDistribuicaoId:Edm.String, clienteId:Edm.String, casoId:Edm.String, contratoId:Edm.String, tipoAssuntoId:Edm.String, perfilId:Edm.String
ImportaDistribuicaoLDataEmLote	GET			7	bindingParameter:Collection(Juritis.LegalDesk.ViewModel.Cadastro.DefaultLDataDistribuicaoView), lDataDistribuicaoId:Edm.String, clienteId:Edm.String, casoId:Edm.String, contratoId:Edm.String, tipoAssuntoId:Edm.String, perfilId:Edm.String
SendNotification	GET			3	bindingParameter:Collection(Juritis.LegalDesk.ViewModel.Cadastro.DefaultGrupoAvaliacaoConflitoView), userOrigemId:Edm.String, oportunidadeId:Edm.String
GetGrupoConflitoProfissionaisAvaliacao	GET			2	bindingParameter:Collection(Juritis.LegalDesk.ViewModel.Cadastro.DefaultGrupoAvaliacaoConflitoView), oportunidadeId:Edm.String
CheckParametersProfGrupoConflito	GET			3	bindingParameter:Collection(Juritis.LegalDesk.ViewModel.Cadastro.DefaultGrupoAvaliacaoConflitoView), profissionalId:Edm.String, oportunidadeId:Edm.String
GetGrupoConflitoProfissionaisPrazo	GET			2	bindingParameter:Collection(Juritis.LegalDesk.ViewModel.Cadastro.DefaultGrupoAvaliacaoConflitoView), oportunidadeId:Edm.String
GetProfessionals	GET			3	bindingParameter:Collection(Juritis.LegalDesk.ViewModel.Cadastro.DefaultGrupoTrabalhoView), ids:Edm.String, filtroPor:Edm.String
Actions	GET			3	bindingParameter:Collection(Juritis.LegalDesk.ViewModel.Cadastro.DefaultHistPlanejamentoOrcamentoView), id:Edm.String, action:Edm.String
ImportPublicacoes	GET			3	bindingParameter:Collection(Juritis.LegalDesk.ViewModel.Cadastro.DefaultImportacaoPublicacaoItemView), filePath:Edm.String, layoutId:Edm.String
ReSearchProcessos	GET			4	bindingParameter:Collection(Juritis.LegalDesk.ViewModel.Cadastro.DefaultImportacaoPublicacaoItemView), searchKind:Edm.String, publicacaoId:Edm.String, hasFilter:Edm.String
ConvertToAndamentos	GET			5	bindingParameter:Collection(Juritis.LegalDesk.ViewModel.Cadastro.DefaultImportacaoPublicacaoItemView), publicacaoId:Edm.String, atoId:Edm.String, substituirAto:Edm.String, responsaveis:Edm.String
Consultar	GET			3	bindingParameter:Collection(Juritis.LegalDesk.ViewModel.Cadastro.DefaultImportacaoPublicacaoItemView), codigoAssociado:Edm.String, data:Edm.String
ConsultaRecorrente	GET			3	bindingParameter:Collection(Juritis.LegalDesk.ViewModel.Cadastro.DefaultImportacaoPublicacaoItemView), codigoAssociado:Edm.String, simOuNao:Edm.String
AddFile	GET			3	bindingParameter:Collection(Juritis.LegalDesk.ViewModel.Cadastro.DefaultImportacaoPublicacaoItemView), filePath:Edm.String, layoutId:Edm.String
RemoveFile	GET			2	bindingParameter:Collection(Juritis.LegalDesk.ViewModel.Cadastro.DefaultImportacaoPublicacaoItemView), fileNames:Edm.String
DeleteAllFiles	GET			3	bindingParameter:Collection(Juritis.LegalDesk.ViewModel.Cadastro.DefaultImportacaoPublicacaoItemView), filePath:Edm.String, layoutId:Edm.String
BatchDelete	GET			2	bindingParameter:Collection(Juritis.LegalDesk.ViewModel.Cadastro.DefaultImportacaoPublicacaoItemView), situacao:Edm.String
AlterarSituacao	GET			1	bindingParameter:Collection(Juritis.LegalDesk.ViewModel.Cadastro.DefaultImportacaoPublicacaoItemView)
GetSummary	GET			1	bindingParameter:Collection(Juritis.LegalDesk.ViewModel.Cadastro.DefaultImportacaoPublicacaoItemView)
ClassificarPublicacao	GET			1	bindingParameter:Collection(Juritis.LegalDesk.ViewModel.Cadastro.DefaultImportacaoPublicacaoItemView)
BaixaPublicacoes	GET			1	bindingParameter:Collection(Juritis.LegalDesk.ViewModel.Cadastro.DefaultImportacaoPublicacaoItemView)
Totais	GET			2	bindingParameter:Collection(Juritis.LegalDesk.ViewModel.Cadastro.DefaultMovimentacaoFinanceiraView), assuntoId:Edm.String
InsertFilteredIntoQueue	GET			1	bindingParameter:Collection(Juritis.LegalDesk.ViewModel.Cadastro.DefaultMovimentacaoFinanceiraGridView)
MarcarComoLido	GET			2	bindingParameter:Collection(Juritis.LegalDesk.ViewModel.Cadastro.DefaultNotificacaoGridView), ids:Edm.String
MarcarComoNaoLido	GET			2	bindingParameter:Collection(Juritis.LegalDesk.ViewModel.Cadastro.DefaultNotificacaoGridView), ids:Edm.String
MarcarComoExcluido	GET			2	bindingParameter:Collection(Juritis.LegalDesk.ViewModel.Cadastro.DefaultNotificacaoGridView), ids:Edm.String
DevolucaoLote	GET			4	bindingParameter:Collection(Juritis.LegalDesk.ViewModel.Cadastro.DefaultPastaFisicaView), dados:Edm.String, dataDevolucao:Edm.DateTimeOffset, usuarioId:Edm.String
EmprestarLote	GET			5	bindingParameter:Collection(Juritis.LegalDesk.ViewModel.Cadastro.DefaultPastaFisicaView), dados:Edm.String, profissionalId:Edm.String, usuarioId:Edm.String, dataEmprestimo:Edm.DateTimeOffset
CanEditDelete	GET			3	bindingParameter:Collection(Juritis.LegalDesk.ViewModel.Cadastro.DefaultPastaFisicaView), profissionalId:Edm.String, escritorioId:Edm.String
CanCancelEsc	GET			3	bindingParameter:Collection(Juritis.LegalDesk.ViewModel.Cadastro.DefaultPastaFisicaView), profissionalId:Edm.String, pastafisicaId:Edm.String
CreateNotificationCancel	GET			3	bindingParameter:Collection(Juritis.LegalDesk.ViewModel.Cadastro.DefaultPastaFisicaView), usuarioId:Edm.String, solicitacoesId:Edm.String
DeleteMovimentacoes	GET			3	bindingParameter:Collection(Juritis.LegalDesk.ViewModel.Cadastro.DefaultPastaFisicaView), pastaFisicaId:Edm.String, profissionalId:Edm.String
GerarReport	GET			4	bindingParameter:Collection(Juritis.LegalDesk.ViewModel.Cadastro.DefaultPastaFisicaView), reportId:Edm.String, reportData:Edm.String, extensao:Edm.String
EmprestarPelaSolicitacao	GET			4	bindingParameter:Collection(Juritis.LegalDesk.ViewModel.Cadastro.DefaultPastaFisicaView), idSolicitacao:Edm.String, usuarioId:Edm.String, dataEmprestimo:Edm.DateTimeOffset
InativaLote	GET			6	bindingParameter:Collection(Juritis.LegalDesk.ViewModel.Cadastro.DefaultPastaFisicaView), dados:Edm.String, dataInativa:Edm.DateTimeOffset, numeroCaixa:Edm.String, depositoId:Edm.String, usuarioId:Edm.String
Vincular	GET			5	bindingParameter:Collection(Juritis.LegalDesk.ViewModel.Cadastro.DefaultPastaFisicaView), listLink:Edm.String, listUnlink:Edm.String, assuntoId:Edm.String, desdobramentoId:Edm.String
SolicitacaoPastaFisica	GET			4	bindingParameter:Collection(Juritis.LegalDesk.ViewModel.Cadastro.DefaultPastaFisicaView), ids:Edm.String, profissional:Edm.String, dataPrevisaoDevolucao:Edm.DateTimeOffset
SolicitarPastaFisica	GET			4	bindingParameter:Collection(Juritis.LegalDesk.ViewModel.Cadastro.DefaultPastaFisicaView), solicitanteId:Edm.String, casoId:Edm.String, pastaId:Edm.String
SaveExcelValues	GET			4	bindingParameter:Collection(Juritis.LegalDesk.ViewModel.Cadastro.DefaultPedidoView), inserts:Edm.String, mapearDependentes:Edm.Boolean, assuntoId:Edm.String
GetTotalValuesGroupedByParcela	GET			2	bindingParameter:Collection(Juritis.LegalDesk.ViewModel.Cadastro.DefaultPedidoView), assuntoId:Edm.String
GetTotalValuesGroupedByParcelaTributosLote	GET			2	bindingParameter:Collection(Juritis.LegalDesk.ViewModel.Cadastro.DefaultPedidoView), assuntoId:Edm.String
ProtocolarPeticionamento	GET			2	bindingParameter:Collection(Juritis.LegalDesk.ViewModel.Cadastro.DefaultPeticionamentoEletronicoView), peticaoId:Edm.String
ContaFinanceiraSuggestion	GET			4	bindingParameter:Collection(Juritis.LegalDesk.ViewModel.Cadastro.DefaultPlanoContasView), nvl:Edm.String, fatherId:Edm.String, fatherContaFinanceira:Edm.String
Actions	GET			3	bindingParameter:Collection(Juritis.LegalDesk.ViewModel.Cadastro.DefaultPlanejamentoOrcamentoView), id:Edm.String, action:Edm.String
FinalizarVigencia	GET			3	bindingParameter:Collection(Juritis.LegalDesk.ViewModel.Cadastro.DefaultPlanejamentoOrcamentoView), id:Edm.String, reprovarDespesas:Edm.Boolean
GerarNovaVersao	GET			5	bindingParameter:Collection(Juritis.LegalDesk.ViewModel.Cadastro.DefaultPlanejamentoOrcamentoView), id:Edm.String, motivo:Edm.String, cancelarPlanejamento:Edm.Boolean, copiarItensSistema:Edm.Boolean
NovoAno	GET			2	bindingParameter:Collection(Juritis.LegalDesk.ViewModel.Cadastro.DefaultPlanejamentoOrcamentoView), ano:Edm.String
CheckDiscrepancia	GET			2	bindingParameter:Collection(Juritis.LegalDesk.ViewModel.Cadastro.DefaultPlanejamentoOrcamentoView), planejamentoId:Edm.String
RegistrationData	GET			2	bindingParameter:Collection(Juritis.LegalDesk.ViewModel.Cadastro.DefaultPosicaoFinanceiraCasoView), casoId:Edm.String
GetDate	GET			2	bindingParameter:Collection(Juritis.LegalDesk.ViewModel.Cadastro.DefaultPosicaoFinanceiraCasoView), escritorioId:Edm.String
GetFilters	GET			1	bindingParameter:Collection(Juritis.LegalDesk.ViewModel.Cadastro.DefaultPreFaturaView)
IsProtheusDlldLoaded	GET			1	bindingParameter:Collection(Juritis.LegalDesk.ViewModel.Cadastro.DefaultPreFaturaView)
ConvertValue	GET			5	bindingParameter:Collection(Juritis.LegalDesk.ViewModel.Cadastro.DefaultPreFaturaView), moedaFromId:Edm.String, moedaToId:Edm.String, preFaturaId:Edm.String, value:Edm.Decimal
GetTotalExcedidoCasos	GET			2	bindingParameter:Collection(Juritis.LegalDesk.ViewModel.Cadastro.DefaultPreFaturaView), preFaturaId:Edm.String
getCasosWithFluxo	GET			2	bindingParameter:Collection(Juritis.LegalDesk.ViewModel.Cadastro.DefaultPreFaturaView), preFaturaId:Edm.String
ComporRedacaoFromCaso	GET			2	bindingParameter:Collection(Juritis.LegalDesk.ViewModel.Cadastro.DefaultPreFaturaCasoView), preFaturaId:Edm.String
ComporRedacaoFromFatura	GET			3	bindingParameter:Collection(Juritis.LegalDesk.ViewModel.Cadastro.DefaultPreFaturaCasoView), preFaturaId:Edm.String, faturaId:Edm.String
ReplicarRedacaoCasoFromCaso	GET			3	bindingParameter:Collection(Juritis.LegalDesk.ViewModel.Cadastro.DefaultPreFaturaCasoView), preFaturaId:Edm.String, preFaturaCasoId:Edm.String
ReplicarRedacaoCasoFromPreFatura	GET			2	bindingParameter:Collection(Juritis.LegalDesk.ViewModel.Cadastro.DefaultPreFaturaCasoView), preFaturaId:Edm.String
EnviarParaFaturamento	GET			5	bindingParameter:Collection(Juritis.LegalDesk.ViewModel.Cadastro.DefaultPreFaturaCasoView), ids:Edm.String, observacao:Edm.String, situacaoRetornoId:Edm.String, politicaDesconto:Edm.String
QuantidadeNovosLancamentos	GET			2	bindingParameter:Collection(Juritis.LegalDesk.ViewModel.Cadastro.DefaultPreFaturaCasoView), preFaturaCasoId:Edm.String
UpdateTotalWO	GET			2	bindingParameter:Collection(Juritis.LegalDesk.ViewModel.Cadastro.DefaultPreFaturaCasoView), preFaturaCasoId:Edm.String
TransferirLancamento	GET			9	bindingParameter:Collection(Juritis.LegalDesk.ViewModel.Cadastro.DefaultPreFaturaCasoView), ids:Edm.String, casoDest:Edm.String, tipoLancamento:Edm.String, eBillingAtividadeId:Edm.String, eBillingFaseId:Edm.String, eBillingTarefaId:Edm.String, eBillingDocumentoId:Edm.String, clienteAtualId:Edm.String
MarcarComoRevisado	GET			2	bindingParameter:Collection(Juritis.LegalDesk.ViewModel.Cadastro.DefaultPreFaturaCasoView), ids:Edm.String
AdicionarInstrucaoParticularidade	GET			6	bindingParameter:Collection(Juritis.LegalDesk.ViewModel.Cadastro.DefaultPreFaturaCasoView), instrucao:Edm.String, preFaturaId:Edm.String, preFaturaCasoId:Edm.String, casoId:Edm.String, preFaturaDespesaId:Edm.String
AtualizarFluxoRevisores	GET			3	bindingParameter:Collection(Juritis.LegalDesk.ViewModel.Cadastro.DefaultPreFaturaCasoView), preFaturaCasosIds:Edm.String, newRevisorId:Edm.String
GetQtdFromQuery	GET			1	bindingParameter:Collection(Juritis.LegalDesk.ViewModel.Cadastro.DefaultPreFaturaCasoView)
GetQuantidadeCasoPorSituacao	GET			3	bindingParameter:Collection(Juritis.LegalDesk.ViewModel.Cadastro.DefaultPreFaturaCasoView), preFaturaId:Edm.String, filterRevisor:Edm.String
MarcarComoAcumulado	GET			4	bindingParameter:Collection(Juritis.LegalDesk.ViewModel.Cadastro.DefaultPreFaturaDespesaView), ids:Edm.String, value:Edm.String, preFaturaCasoId:Edm.String
MarcarComoIndevido	GET			4	bindingParameter:Collection(Juritis.LegalDesk.ViewModel.Cadastro.DefaultPreFaturaDespesaView), ids:Edm.String, value:Edm.String, preFaturaCasoId:Edm.String
MarcarComoNaoCobravel	GET			6	bindingParameter:Collection(Juritis.LegalDesk.ViewModel.Cadastro.DefaultPreFaturaDespesaView), ids:Edm.String, value:Edm.String, preFaturaCasoId:Edm.String, observacao:Edm.String, motivoWoId:Edm.String
MarcarComoWO	GET			5	bindingParameter:Collection(Juritis.LegalDesk.ViewModel.Cadastro.DefaultPreFaturaDespesaView), ids:Edm.String, value:Edm.String, preFaturaCasoId:Edm.String, observacao:Edm.String
IncluirNovaDespesa	GET			4	bindingParameter:Collection(Juritis.LegalDesk.ViewModel.Cadastro.DefaultPreFaturaDespesaView), ids:Edm.String, preFaturaId:Edm.String, preFaturaCasoId:Edm.String
MarcarComoAcumulado	GET			4	bindingParameter:Collection(Juritis.LegalDesk.ViewModel.Cadastro.DefaultPreFaturaTabeladoView), ids:Edm.String, value:Edm.String, preFaturaCasoId:Edm.String
MarcarComoIndevido	GET			4	bindingParameter:Collection(Juritis.LegalDesk.ViewModel.Cadastro.DefaultPreFaturaTabeladoView), ids:Edm.String, value:Edm.String, preFaturaCasoId:Edm.String
MarcarComoNaoCobravel	GET			4	bindingParameter:Collection(Juritis.LegalDesk.ViewModel.Cadastro.DefaultPreFaturaTabeladoView), ids:Edm.String, value:Edm.String, preFaturaCasoId:Edm.String
MarcarComoWO	GET			5	bindingParameter:Collection(Juritis.LegalDesk.ViewModel.Cadastro.DefaultPreFaturaTabeladoView), ids:Edm.String, value:Edm.String, preFaturaCasoId:Edm.String, observacao:Edm.String
IncluirNovoTabelado	GET			4	bindingParameter:Collection(Juritis.LegalDesk.ViewModel.Cadastro.DefaultPreFaturaTabeladoView), ids:Edm.String, preFaturaId:Edm.String, preFaturaCasoId:Edm.String
MarcarComoRevisado	GET			4	bindingParameter:Collection(Juritis.LegalDesk.ViewModel.Cadastro.DefaultPreFaturaTimesheetView), ids:Edm.String, value:Edm.String, preFaturaCasoId:Edm.String
MarcarTodosComoRevisado	GET			4	bindingParameter:Collection(Juritis.LegalDesk.ViewModel.Cadastro.DefaultPreFaturaTimesheetView), preFaturaId:Edm.String, preFaturaCasoId:Edm.String, value:Edm.String
MarcarComoAcumulado	GET			4	bindingParameter:Collection(Juritis.LegalDesk.ViewModel.Cadastro.DefaultPreFaturaTimesheetView), ids:Edm.String, value:Edm.String, preFaturaCasoId:Edm.String
MarcarComoIndevido	GET			5	bindingParameter:Collection(Juritis.LegalDesk.ViewModel.Cadastro.DefaultPreFaturaTimesheetView), ids:Edm.String, value:Edm.String, preFaturaCasoId:Edm.String, observacao:Edm.String
MarcarComoNaoCobravel	GET			4	bindingParameter:Collection(Juritis.LegalDesk.ViewModel.Cadastro.DefaultPreFaturaTimesheetView), ids:Edm.String, value:Edm.String, preFaturaCasoId:Edm.String
ZerarLancamentos	GET			4	bindingParameter:Collection(Juritis.LegalDesk.ViewModel.Cadastro.DefaultPreFaturaTimesheetView), ids:Edm.String, value:Edm.String, preFaturaCasoId:Edm.String
TransferirCaso	GET			4	bindingParameter:Collection(Juritis.LegalDesk.ViewModel.Cadastro.DefaultPreFaturaTimesheetView), ids:Edm.String, caso_id:Edm.String, prefatura_caso_id:Edm.String
IncluirNovoTimesheet	GET			4	bindingParameter:Collection(Juritis.LegalDesk.ViewModel.Cadastro.DefaultPreFaturaTimesheetView), ids:Edm.String, preFaturaId:Edm.String, preFaturaCasoId:Edm.String
MarcarComoWO	GET			5	bindingParameter:Collection(Juritis.LegalDesk.ViewModel.Cadastro.DefaultPreFaturaTimesheetView), ids:Edm.String, value:Edm.String, preFaturaCasoId:Edm.String, observacao:Edm.String
ModulosPreferencia	GET			1	bindingParameter:Collection(Juritis.LegalDesk.ViewModel.Cadastro.DefaultPreferenciaView)
GetUserPreferences	GET			2	bindingParameter:Collection(Juritis.LegalDesk.ViewModel.Cadastro.DefaultPreferenciaView), userId:Edm.String
Copy	GET			2	bindingParameter:Collection(Juritis.LegalDesk.ViewModel.Cadastro.DefaultPrestacaoContaView), prestacaoContaId:Edm.String
ActionSendToApproval	GET			2	bindingParameter:Collection(Juritis.LegalDesk.ViewModel.Cadastro.DefaultPrestacaoContaView), prestacaoContaId:Edm.String
CancelReprovedItens	GET			2	bindingParameter:Collection(Juritis.LegalDesk.ViewModel.Cadastro.DefaultPrestacaoContaView), prestacaoContaId:Edm.String
Reenviar	GET			2	bindingParameter:Collection(Juritis.LegalDesk.ViewModel.Cadastro.DefaultPrestacaoContaItemView), prestacaoItemId:Edm.String
Cancelar	GET			2	bindingParameter:Collection(Juritis.LegalDesk.ViewModel.Cadastro.DefaultPrestacaoContaItemView), prestacaoContaItemId:Edm.String
QueryParticularidadeDespesa	GET			6	bindingParameter:Collection(Juritis.LegalDesk.ViewModel.Cadastro.DefaultPrestacaoContaItemView), tipoDespesaId:Edm.String, clienteId:Edm.String, casoId:Edm.String, dataDespesa:Edm.DateTimeOffset, prestacaoContaId:Edm.String
AccessibleProfessionals	GET			1	bindingParameter:Collection(Juritis.LegalDesk.ViewModel.Cadastro.DefaultProfissionalView)
SaveColor	GET			3	bindingParameter:Collection(Juritis.LegalDesk.ViewModel.Cadastro.DefaultProfissionalView), profissionalId:Edm.String, color:Edm.String
SaveProfileImage	GET			3	bindingParameter:Collection(Juritis.LegalDesk.ViewModel.Cadastro.DefaultProfissionalView), profissionalId:Edm.String, imageBase64:Edm.String
RemoveProfileImage	GET			2	bindingParameter:Collection(Juritis.LegalDesk.ViewModel.Cadastro.DefaultProfissionalView), profissionalId:Edm.String
AlterarOAB	GET			3	bindingParameter:Collection(Juritis.LegalDesk.ViewModel.Cadastro.DefaultProfissionalView), oab:Edm.String, profissionalId:Edm.String
InsertFilteredIntoQueue	GET			1	bindingParameter:Collection(Juritis.LegalDesk.ViewModel.Cadastro.DefaultProjetoGerenciaProjecaoView)
AprovarFilteredIntoQueue	GET			1	bindingParameter:Collection(Juritis.LegalDesk.ViewModel.Cadastro.DefaultProjetoGerenciaProjecaoView)
InserirEmLote	GET			2	bindingParameter:Collection(Juritis.LegalDesk.ViewModel.Cadastro.DefaultProjecaoView), planejamentoId:Edm.String
ExcluirEmLote	GET			1	bindingParameter:Collection(Juritis.LegalDesk.ViewModel.Cadastro.DefaultProjecaoView)
DistribuirValor	GET			3	bindingParameter:Collection(Juritis.LegalDesk.ViewModel.Cadastro.DefaultProjetoItemView), id:Edm.String, valor:Edm.String
ItensParaAprovacao	GET			2	bindingParameter:Collection(Juritis.LegalDesk.ViewModel.Cadastro.DefaultProjetoItemView), id:Edm.String
Aprovar	GET			2	bindingParameter:Collection(Juritis.LegalDesk.ViewModel.Cadastro.DefaultProjetoItemView), ids:Edm.String
RefazerResponsaveis	GET			2	bindingParameter:Collection(Juritis.LegalDesk.ViewModel.Cadastro.DefaultProjetoItemView), id:Edm.String
CancelarItem	GET			2	bindingParameter:Collection(Juritis.LegalDesk.ViewModel.Cadastro.DefaultProjetoItemView), id:Edm.String
CalcularValor	GET			17	bindingParameter:Collection(Juritis.LegalDesk.ViewModel.Cadastro.DefaultProjetoItemView), id:Edm.String, valor:Edm.String, percent:Edm.String, mesRef:Edm.String, valor1:Edm.String, valor2:Edm.String, valor3:Edm.String, valor4:Edm.String, valor5:Edm.String, valor6:Edm.String, valor7:Edm.String, valor8:Edm.String, valor9:Edm.String, valor10:Edm.String, valor11:Edm.String, valor12:Edm.String
Save	GET			14	bindingParameter:Collection(Juritis.LegalDesk.ViewModel.Cadastro.DefaultProjetoItemView), id:Edm.String, valor1:Edm.String, valor2:Edm.String, valor3:Edm.String, valor4:Edm.String, valor5:Edm.String, valor6:Edm.String, valor7:Edm.String, valor8:Edm.String, valor9:Edm.String, valor10:Edm.String, valor11:Edm.String, valor12:Edm.String
AprovarByIds	GET			8	bindingParameter:Collection(Juritis.LegalDesk.ViewModel.Cadastro.DefaultProjetoItemView), idsGer:Edm.String, idsNotGrupo:Edm.String, idsGrupo:Edm.String, idsNotEscr:Edm.String, idsEscr:Edm.String, idsNotItem:Edm.String, idsItem:Edm.String
ReprovarByIds	GET			9	bindingParameter:Collection(Juritis.LegalDesk.ViewModel.Cadastro.DefaultProjetoItemView), idsGer:Edm.String, idsNotGrupo:Edm.String, idsGrupo:Edm.String, idsNotEscr:Edm.String, idsEscr:Edm.String, idsNotItem:Edm.String, idsItem:Edm.String, motivo:Edm.String
AprovarByFilter	GET			2	bindingParameter:Collection(Juritis.LegalDesk.ViewModel.Cadastro.DefaultProjetoItemView), filters:Edm.String
AtualizarNatureza	GET			3	bindingParameter:Collection(Juritis.LegalDesk.ViewModel.Cadastro.DefaultProjetoItemView), id:Edm.String, planoContasId:Edm.String
Actions	GET			3	bindingParameter:Collection(Juritis.LegalDesk.ViewModel.Cadastro.DefaultProjetoResumoView), id:Edm.String, action:Edm.String
ExcluirProjeto	GET			2	bindingParameter:Collection(Juritis.LegalDesk.ViewModel.Cadastro.DefaultProjetoResumoView), ids:Edm.String
NovoProjeto	GET			4	bindingParameter:Collection(Juritis.LegalDesk.ViewModel.Cadastro.DefaultProjetoResumoView), idGerencias:Edm.String, nome:Edm.String, idPlan:Edm.String
CopiarProjeto	GET			3	bindingParameter:Collection(Juritis.LegalDesk.ViewModel.Cadastro.DefaultProjetoResumoView), id:Edm.String, nome:Edm.String
EditarProjeto	GET			4	bindingParameter:Collection(Juritis.LegalDesk.ViewModel.Cadastro.DefaultProjetoResumoView), idGerencias:Edm.String, nome:Edm.String, idProjeto:Edm.String
AjustarValor	GET			5	bindingParameter:Collection(Juritis.LegalDesk.ViewModel.Cadastro.DefaultProjetoResumoView), ids:Edm.String, percent:Edm.String, motivo:Edm.String, operacao:Edm.String
AjustarValorFilter	GET			4	bindingParameter:Collection(Juritis.LegalDesk.ViewModel.Cadastro.DefaultProjetoResumoView), percent:Edm.String, motivo:Edm.String, operacao:Edm.String
SimpleCountAndUpdate	GET			3	bindingParameter:Collection(Juritis.LegalDesk.ViewModel.Cadastro.DefaultPendenciasDiariaView), DataAfter:Edm.DateTimeOffset, DataBefore:Edm.DateTimeOffset
EmailUpdate	GET			3	bindingParameter:Collection(Juritis.LegalDesk.ViewModel.Cadastro.DefaultPendenciasDiariaView), DataAfter:Edm.DateTimeOffset, DataBefore:Edm.DateTimeOffset
EmailCount	GET			3	bindingParameter:Collection(Juritis.LegalDesk.ViewModel.Cadastro.DefaultPendenciasDiariaView), DataAfter:Edm.DateTimeOffset, DataBefore:Edm.DateTimeOffset
MarcarExcluido	GET			2	bindingParameter:Collection(Juritis.LegalDesk.ViewModel.Cadastro.DefaultPendenciasDiariaView), IdPendencia:Edm.String
GetNotificacao	GET			2	bindingParameter:Collection(Juritis.LegalDesk.ViewModel.Cadastro.DefaultPendenciasDiariaView), IdPendencia:Edm.String
GetFieldsData	GET			3	bindingParameter:Collection(Juritis.LegalDesk.ViewModel.Cadastro.DefaultRelatorioParamView), reportId:Edm.String, managedProfissional:Edm.String
GenerateReport	GET			7	bindingParameter:Collection(Juritis.LegalDesk.ViewModel.Cadastro.DefaultRelatorioParamView), reportId:Edm.String, reportData:Edm.String, reportModelId:Edm.String, context:Edm.String, reportLocaleParam:Edm.String, extensao:Edm.String
GenerateProcessosReport	GET			4	bindingParameter:Collection(Juritis.LegalDesk.ViewModel.Cadastro.DefaultRelatorioParamView), reportId:Edm.String, reportData:Edm.String, reportModelId:Edm.String
Remanejar	GET			3	bindingParameter:Collection(Juritis.LegalDesk.ViewModel.Cadastro.DefaultRemanejamentoProjetoView), remanejamentoData:Edm.String, projetoDestinoData:Edm.String
Aprovar	GET			3	bindingParameter:Collection(Juritis.LegalDesk.ViewModel.Cadastro.DefaultRequisicaoEscritorioView), ids:Edm.String, motivo:Edm.String
Reprovar	GET			3	bindingParameter:Collection(Juritis.LegalDesk.ViewModel.Cadastro.DefaultRequisicaoEscritorioView), ids:Edm.String, motivo:Edm.String
Cancelar	GET			2	bindingParameter:Collection(Juritis.LegalDesk.ViewModel.Cadastro.DefaultRequisicaoMaterialView), requisicaoMaterialId:Edm.String
Copy	GET			2	bindingParameter:Collection(Juritis.LegalDesk.ViewModel.Cadastro.DefaultRequisicaoView), requisicaoEstoqueId:Edm.String
ReenviarRequisicao	GET			3	bindingParameter:Collection(Juritis.LegalDesk.ViewModel.Cadastro.DefaultRequisicaoView), requisicaoId:Edm.String, requisicaoMaterialId:Edm.String
Cancel	GET			2	bindingParameter:Collection(Juritis.LegalDesk.ViewModel.Cadastro.DefaultReservaOrcamentoView), reservaId:Edm.String
Release	GET			2	bindingParameter:Collection(Juritis.LegalDesk.ViewModel.Cadastro.DefaultReservaOrcamentoView), reservaId:Edm.String
GetReservaByCentroCusto	GET			3	bindingParameter:Collection(Juritis.LegalDesk.ViewModel.Cadastro.DefaultReservaOrcamentoView), projetoId:Edm.String, grupoJuridicoId:Edm.String
BatchCancel	GET			2	bindingParameter:Collection(Juritis.LegalDesk.ViewModel.Cadastro.DefaultReservaOrcamentoView), reservaIds:Edm.String
CancelarRevisao	GET			2	bindingParameter:Collection(Juritis.LegalDesk.ViewModel.Cadastro.DefaultRevisaoFixoView), revisaoIds:Edm.String
CancelarRevisao	GET			2	bindingParameter:Collection(Juritis.LegalDesk.ViewModel.Cadastro.DefaultRevisaoFixoAlocacaoView), revisaoIds:Edm.String
CancelarRevisaoFixo	GET			3	bindingParameter:Collection(Juritis.LegalDesk.ViewModel.Cadastro.DefaultRevisaoFinalizadoFixoView), id:Edm.String, tipo:Edm.String
SetDefaultView	GET			2	bindingParameter:Collection(Juritis.LegalDesk.ViewModel.Cadastro.DefaultRevisaoTimesheetGridView), preferencia:Edm.String
GetFilters	GET			1	bindingParameter:Collection(Juritis.LegalDesk.ViewModel.Cadastro.DefaultRevisaoTimesheetGridView)
MarcarComoWO	GET			3	bindingParameter:Collection(Juritis.LegalDesk.ViewModel.Cadastro.DefaultRevisaoTimesheetView), ids:Edm.String, observacao:Edm.String
MarcarComoAprovado	GET			3	bindingParameter:Collection(Juritis.LegalDesk.ViewModel.Cadastro.DefaultRevisaoTimesheetView), ids:Edm.String, value:Edm.String
MarcarComoReprovado	GET			5	bindingParameter:Collection(Juritis.LegalDesk.ViewModel.Cadastro.DefaultRevisaoTimesheetView), ids:Edm.String, value:Edm.String, motivos:Edm.String, observacao:Edm.String
MarcarComoNaoCobravel	GET			3	bindingParameter:Collection(Juritis.LegalDesk.ViewModel.Cadastro.DefaultRevisaoTimesheetView), ids:Edm.String, value:Edm.String
TransferirCaso	GET			8	bindingParameter:Collection(Juritis.LegalDesk.ViewModel.Cadastro.DefaultRevisaoTimesheetView), ids:Edm.String, caso_id:Edm.String, eBillingFaseId:Edm.String, eBillingTarefaId:Edm.String, eBillingAtividadeId:Edm.String, eBillingDocumentoId:Edm.String, clienteAtualId:Edm.String
RevisaoTimesheetPendentesDataWorkingArea	GET			2	bindingParameter:Collection(Juritis.LegalDesk.ViewModel.Cadastro.DefaultRevisaoTimesheetView), prof_id:Edm.String
RevisaoTimesheetPendentesCountWorkingArea	GET			2	bindingParameter:Collection(Juritis.LegalDesk.ViewModel.Cadastro.DefaultRevisaoTimesheetView), prof_id:Edm.String
GetGroupSelectedTimesheets	GET			2	bindingParameter:Collection(Juritis.LegalDesk.ViewModel.Cadastro.DefaultRevisaoTimesheetView), selectedGroups:Edm.String
SetDefaultView	GET			2	bindingParameter:Collection(Juritis.LegalDesk.ViewModel.Cadastro.DefaultRevisaoTimesheetPorCasoGridView), preferencia:Edm.String
GetFilters	GET			1	bindingParameter:Collection(Juritis.LegalDesk.ViewModel.Cadastro.DefaultRevisaoTimesheetPorCasoGridView)
MarcarComoWO	GET			3	bindingParameter:Collection(Juritis.LegalDesk.ViewModel.Cadastro.DefaultRevisaoTimesheetPorCasoView), ids:Edm.String, observacao:Edm.String
MarcarComoAprovado	GET			3	bindingParameter:Collection(Juritis.LegalDesk.ViewModel.Cadastro.DefaultRevisaoTimesheetPorCasoView), ids:Edm.String, value:Edm.String
MarcarComoReprovado	GET			5	bindingParameter:Collection(Juritis.LegalDesk.ViewModel.Cadastro.DefaultRevisaoTimesheetPorCasoView), ids:Edm.String, value:Edm.String, motivos:Edm.String, observacao:Edm.String
MarcarComoNaoCobravel	GET			3	bindingParameter:Collection(Juritis.LegalDesk.ViewModel.Cadastro.DefaultRevisaoTimesheetPorCasoView), ids:Edm.String, value:Edm.String
TransferirCaso	GET			8	bindingParameter:Collection(Juritis.LegalDesk.ViewModel.Cadastro.DefaultRevisaoTimesheetPorCasoView), ids:Edm.String, caso_id:Edm.String, clienteAtualId:Edm.String, eBillingFaseId:Edm.String, eBillingTarefaId:Edm.String, eBillingAtividadeId:Edm.String, eBillingDocumentoId:Edm.String
RevisaoTimesheetPendentesDataWorkin gArea	GET			2	bindingParameter:Collection(Juritis.LegalDesk.ViewModel.Cadastro.DefaultRevisaoTimesheetPorCasoView), prof_id:Edm.String
RevisaoTimesheetPendentesCountWorkingArea	GET			2	bindingParameter:Collection(Juritis.LegalDesk.ViewModel.Cadastro.DefaultRevisaoTimesheetPorCasoView), prof_id:Edm.String
GetGroupSelectedTimesheets	GET			2	bindingParameter:Collection(Juritis.LegalDesk.ViewModel.Cadastro.DefaultRevisaoTimesheetPorCasoView), selectedGroups:Edm.String
MarcarComoWO	GET			4	bindingParameter:Collection(Juritis.LegalDesk.ViewModel.Cadastro.DefaultRevisaoTimesheetFixoView), ids:Edm.String, observacao:Edm.String, casoId:Edm.String
EditarTempo	GET			7	bindingParameter:Collection(Juritis.LegalDesk.ViewModel.Cadastro.DefaultRevisaoTimesheetFixoView), ids:Edm.String, emLote:Edm.Boolean, casoId:Edm.String, operacao:Edm.String, percentual:Edm.String, tempo:Edm.String
ZerarTimesheet	GET			4	bindingParameter:Collection(Juritis.LegalDesk.ViewModel.Cadastro.DefaultRevisaoTimesheetFixoView), ids:Edm.String, emLote:Edm.Boolean, casoId:Edm.String
MarcarComoRevisado	GET			3	bindingParameter:Collection(Juritis.LegalDesk.ViewModel.Cadastro.DefaultRevisaoTimesheetFixoView), ids:Edm.String, value:Edm.String
MarcarComoNaoCobravel	GET			3	bindingParameter:Collection(Juritis.LegalDesk.ViewModel.Cadastro.DefaultRevisaoTimesheetFixoView), ids:Edm.String, value:Edm.String
TransferirCaso	GET			8	bindingParameter:Collection(Juritis.LegalDesk.ViewModel.Cadastro.DefaultRevisaoTimesheetFixoView), ids:Edm.String, caso_id:Edm.String, eBillingFaseId:Edm.String, eBillingTarefaId:Edm.String, eBillingAtividadeId:Edm.String, eBillingDocumentoId:Edm.String, clienteAtualId:Edm.String
FinalizarRevisao	GET			6	bindingParameter:Collection(Juritis.LegalDesk.ViewModel.Cadastro.DefaultRevisaoTimesheetFixoView), casoId:Edm.String, periodoInicial:Edm.DateTimeOffset, periodoFinal:Edm.DateTimeOffset, situacaoRetornoId:Edm.String, marcarTodosComoRevisado:Edm.Boolean
GetAllFromQuery	GET			1	bindingParameter:Collection(Juritis.LegalDesk.ViewModel.Cadastro.DefaultRevisaoTimesheetFixoView)
LoadValorTrabalhadoCaso	GET			4	bindingParameter:Collection(Juritis.LegalDesk.ViewModel.Cadastro.DefaultRateioGerencialView), casoId:Edm.String, anoMesInicial:Edm.String, anoMesFinal:Edm.String
LoadValorFaturadoCaso	GET			4	bindingParameter:Collection(Juritis.LegalDesk.ViewModel.Cadastro.DefaultSaldoFaturaView), casoId:Edm.String, dataInicial:Edm.String, dataFinal:Edm.String
Transferir	GET			5	bindingParameter:Collection(Juritis.LegalDesk.ViewModel.Cadastro.DefaultSobreporVigenciaView), transferItens:Edm.String, groupTotal:Edm.String, idPlanejamentoNovo:Edm.String, includeConflict:Edm.Boolean
Sobrepor	GET			3	bindingParameter:Collection(Juritis.LegalDesk.ViewModel.Cadastro.DefaultSobreporVigenciaView), idPlanejamentoVigente:Edm.String, idPlanejamentoNovo:Edm.String
ReprovarDetail	GET			3	bindingParameter:Collection(Juritis.LegalDesk.ViewModel.Cadastro.DefaultSolicitacaoDespesaView), id:Edm.String, motivo:Edm.String
Reprovar	GET			3	bindingParameter:Collection(Juritis.LegalDesk.ViewModel.Cadastro.DefaultSolicitacaoDespesaView), ids:Edm.String, motivo:Edm.String
Aprovar	GET			2	bindingParameter:Collection(Juritis.LegalDesk.ViewModel.Cadastro.DefaultSolicitacaoDespesaView), ids:Edm.String
QueryParticularidadeDespesa	GET			6	bindingParameter:Collection(Juritis.LegalDesk.ViewModel.Cadastro.DefaultSolicitacaoDespesaView), tipoDespesaId:Edm.String, clienteId:Edm.String, casoId:Edm.String, dataDespesa:Edm.DateTimeOffset, moedaId:Edm.String
Copy	GET			2	bindingParameter:Collection(Juritis.LegalDesk.ViewModel.Cadastro.DefaultSolicitacaoPagamentoView), solicitacaoPagamentoId:Edm.String
PoliticaVencimento	GET			4	bindingParameter:Collection(Juritis.LegalDesk.ViewModel.Cadastro.DefaultSolicitacaoPagamentoView), solicitacaoPagamentoId:Edm.String, profissionalAprovadorId:Edm.String, justificativa:Edm.String
AprovarPoliticaVencimento	GET			3	bindingParameter:Collection(Juritis.LegalDesk.ViewModel.Cadastro.DefaultSolicitacaoPagamentoView), solicitacaoPagamentoId:Edm.String, usuarioSolicitanteId:Edm.String
ReprovarPoliticaVencimento	GET			4	bindingParameter:Collection(Juritis.LegalDesk.ViewModel.Cadastro.DefaultSolicitacaoPagamentoView), solicitacaoPagamentoId:Edm.String, usuarioSolicitanteId:Edm.String, motivoReprovacao:Edm.String
DadosGrafico	GET			3	bindingParameter:Collection(Juritis.LegalDesk.ViewModel.Cadastro.DefaultSolicitacaoPagamentoView), profissionalId:Edm.String, gerenciaId:Edm.String
Estornar	GET			2	bindingParameter:Collection(Juritis.LegalDesk.ViewModel.Cadastro.DefaultSolicitacaoPagamentoView), solicitacaoId:Edm.String
GetGerencias	GET			2	bindingParameter:Collection(Juritis.LegalDesk.ViewModel.Cadastro.DefaultSolicitacaoPagamentoView), profissionalId:Edm.String
ReplicateAttaches	GET			3	bindingParameter:Collection(Juritis.LegalDesk.ViewModel.Cadastro.DefaultSolicitacaoPagamentoView), ids:Edm.String, solicitacaoId:Edm.String
CancelReprovedItens	GET			2	bindingParameter:Collection(Juritis.LegalDesk.ViewModel.Cadastro.DefaultSolicitacaoPagamentoView), solicitacaoPagamentoId:Edm.String
Totais	GET			1	bindingParameter:Collection(Juritis.LegalDesk.ViewModel.Cadastro.DefaultSolicitacaoPagamentoItemView)
TotaisMinhasPendencias	GET			1	bindingParameter:Collection(Juritis.LegalDesk.ViewModel.Cadastro.DefaultSolicitacaoPagamentoItemView)
Pendencias	GET			1	bindingParameter:Collection(Juritis.LegalDesk.ViewModel.Cadastro.DefaultSolicitacaoPagamentoItemView)
ClassificarEmLote	GET			2	bindingParameter:Collection(Juritis.LegalDesk.ViewModel.Cadastro.DefaultSolicitacaoPagamentoItemView), itens:Edm.String
Reenviar	GET			2	bindingParameter:Collection(Juritis.LegalDesk.ViewModel.Cadastro.DefaultSolicitacaoPagamentoItemView), solicitacaoItemId:Edm.String
Cancelar	GET			2	bindingParameter:Collection(Juritis.LegalDesk.ViewModel.Cadastro.DefaultSolicitacaoPagamentoItemView), solicitacaoItemId:Edm.String
QueryParticularidadeDespesa	GET			6	bindingParameter:Collection(Juritis.LegalDesk.ViewModel.Cadastro.DefaultSolicitacaoPagamentoItemView), tipoDespesaId:Edm.String, clienteId:Edm.String, casoId:Edm.String, dataDespesa:Edm.DateTimeOffset, solicitacaoPagamentoId:Edm.String
SaveTipoAssuntoPerfil	GET			2	bindingParameter:Collection(Juritis.LegalDesk.ViewModel.Cadastro.DefaultTipoAssuntoView), dataItem:Edm.String
RotinaCargaInicial	GET			1	bindingParameter:Collection(Juritis.LegalDesk.ViewModel.Cadastro.DefaultTermoPublicacaoView)
DetalhesTermo	GET			2	bindingParameter:Collection(Juritis.LegalDesk.ViewModel.Cadastro.DefaultTermoPublicacaoView), termoPublicacaoCodNome:Edm.String
AlteraSituacaoTermo	GET			2	bindingParameter:Collection(Juritis.LegalDesk.ViewModel.Cadastro.DefaultTermoPublicacaoView), Id:Edm.String
QuerySituacaoTermo	GET			2	bindingParameter:Collection(Juritis.LegalDesk.ViewModel.Cadastro.DefaultTermoPublicacaoView), Id:Edm.String
CreateCorrespondenteUser	GET			5	bindingParameter:Collection(Juritis.LegalDesk.ViewModel.Cadastro.DefaultUsuarioView), correspondenteId:Edm.String, usuario:Edm.String, email:Edm.String, perfilId:Edm.String
GenerateComponents	GET			3	bindingParameter:Collection(Juritis.LegalDesk.ViewModel.Cadastro.DefaultFluxoAcaoDinamicaView), entityAspect:Edm.String, fluxoAcaoDinamicaId:Edm.String
GenerateComponent	GET			4	bindingParameter:Collection(Juritis.LegalDesk.ViewModel.Cadastro.DefaultFluxoAcaoDinamicaView), entityAspect:Edm.String, campoConfig:Edm.String, ignoreRequired:Edm.String
DoValidation	GET			2	bindingParameter:Collection(Juritis.LegalDesk.ViewModel.Cadastro.DefaultFluxoAcaoDinamicaView), data:Edm.String
SalvarPerfilPorUsuario	GET			4	bindingParameter:Collection(Juritis.LegalDesk.ViewModel.Cadastro.DefaultUsuarioPerfilView), usuarioId:Edm.String, perfis:Edm.String, action:Edm.String
SalvarUsuarioPorPerfil	GET			3	bindingParameter:Collection(Juritis.LegalDesk.ViewModel.Cadastro.DefaultUsuarioPerfilView), perfilId:Edm.String, usuarios:Edm.String
CopiarPerfil	GET			5	bindingParameter:Collection(Juritis.LegalDesk.ViewModel.Cadastro.DefaultPerfilView), perfilAtualId:Edm.String, perfilACopiarId:Edm.String, dadosParaCopiar:Edm.String, action:Edm.String
MovimentacaoPorPeriodo	GET			7	bindingParameter:Collection(Juritis.LegalDesk.ViewModel.Cadastro.DefaultCheckinView), profissionalId:Edm.String, dataInicial:Edm.DateTimeOffset, dataFinal:Edm.DateTimeOffset, hora:Edm.String, movimentacaoId:Edm.String, observacao:Edm.String
CheckPessoaExistente	GET			4	bindingParameter:Collection(Juritis.LegalDesk.ViewModel.Cadastro.DefaultPessoaView), cpfCnpj:Edm.String, action:Edm.String, pessoaId:Edm.String
GerarRelatorio	GET			4	bindingParameter:Collection(Juritis.LegalDesk.ViewModel.Cadastro.DefaultTabeladoView), initialDate:Edm.DateTimeOffset, finalDate:Edm.DateTimeOffset, professionalId:Edm.String
OriginacaoObrigatoria	GET			2	bindingParameter:Collection(Juritis.LegalDesk.ViewModel.Cadastro.DefaultCasoParticipacaoView), participacoes:Edm.String
SomaOriginacao	GET			2	bindingParameter:Collection(Juritis.LegalDesk.ViewModel.Cadastro.DefaultCasoParticipacaoView), originacoes:Edm.String
ResetPassword	GET			2	bindingParameter:Collection(Juritis.LegalDesk.ViewModel.Cadastro.DefaultCorrespondenteView), usuario:Edm.String
GridData	GET			4	bindingParameter:Collection(Juritis.LegalDesk.ViewModel.Cadastro.DefaultPesquisaView), entitySet:Edm.String, profileId:Edm.String, context:Edm.String
GenerateComponents	GET			3	bindingParameter:Collection(Juritis.LegalDesk.ViewModel.Cadastro.DefaultPesquisaView), entitySet:Edm.String, fields:Edm.String
MarcarComoWO	GET			3	bindingParameter:Collection(Juritis.LegalDesk.ViewModel.Cadastro.DefaultTimesheetRevisaoView), ids:Edm.String, observacao:Edm.String
MarcarComoAprovado	GET			3	bindingParameter:Collection(Juritis.LegalDesk.ViewModel.Cadastro.DefaultTimesheetRevisaoView), ids:Edm.String, value:Edm.String
MarcarComoNaoCobravel	GET			3	bindingParameter:Collection(Juritis.LegalDesk.ViewModel.Cadastro.DefaultTimesheetRevisaoView), ids:Edm.String, value:Edm.String
TransferirCaso	GET			7	bindingParameter:Collection(Juritis.LegalDesk.ViewModel.Cadastro.DefaultTimesheetRevisaoView), ids:Edm.String, caso_id:Edm.String, eBillingFaseId:Edm.String, eBillingTarefaId:Edm.String, eBillingAtividadeId:Edm.String, clienteAtualId:Edm.String
ReplicarTs	GET			5	bindingParameter:Collection(Juritis.LegalDesk.ViewModel.Cadastro.DefaultTimesheetView), timesheetId:Edm.String, casosData:Edm.String, dataTs:Edm.DateTimeOffset, copiarVinculados:Edm.Boolean
Copy	GET			4	bindingParameter:Collection(Juritis.LegalDesk.ViewModel.Cadastro.DefaultTimesheetView), timesheetId:Edm.String, dataTs:Edm.DateTimeOffset, copiarVinculados:Edm.Boolean
Move	GET			4	bindingParameter:Collection(Juritis.LegalDesk.ViewModel.Cadastro.DefaultTimesheetView), timesheetId:Edm.String, dataTs:Edm.DateTimeOffset, copiarVinculados:Edm.Boolean
ReplicarTsData	GET			8	bindingParameter:Collection(Juritis.LegalDesk.ViewModel.Cadastro.DefaultTimesheetView), timesheetId:Edm.String, dataTsInicial:Edm.DateTimeOffset, dataTsFinal:Edm.DateTimeOffset, dias:Edm.String, diaAtual:Edm.DateTimeOffset, casoId:Edm.String, copiarVinculados:Edm.Boolean
SetDefaultView	GET			2	bindingParameter:Collection(Juritis.LegalDesk.ViewModel.Cadastro.DefaultTimesheetView), preferencia:Edm.String
LateTimesheetsWorkingArea	GET			2	bindingParameter:Collection(Juritis.LegalDesk.ViewModel.Cadastro.DefaultTimesheetView), prof_id:Edm.String
SuggestDescriptionTimesheet	GET			3	bindingParameter:Collection(Juritis.LegalDesk.ViewModel.Cadastro.DefaultTimesheetView), casoId:Edm.String, profissionalId:Edm.String
RejectSharedTS	GET			3	bindingParameter:Collection(Juritis.LegalDesk.ViewModel.Cadastro.TimesheetVinculadoView), timesheetVinculadoId:Edm.String, notificationId:Edm.String
AcceptSharedTS	GET			5	bindingParameter:Collection(Juritis.LegalDesk.ViewModel.Cadastro.TimesheetVinculadoView), timesheetId:Edm.String, timesheetVinculadoId:Edm.String, notificationId:Edm.String, professionalId2Impersonate:Edm.String
ManageProfessional	GET			3	bindingParameter:Collection(Juritis.LegalDesk.ViewModel.Cadastro.TSProfissionalView), managedProfessional:Edm.String, comboType:Edm.String
TipoAtividadesComIdiomas	GET			1	bindingParameter:Collection(Juritis.LegalDesk.ViewModel.Cadastro.TSTipoAtividadeView)
MarcarComoFaturar	GET			2	bindingParameter:Collection(Juritis.LegalDesk.ViewModel.Cadastro.DefaultCasoParcelasView), ids:Edm.String
MarcarComoAguardar	GET			2	bindingParameter:Collection(Juritis.LegalDesk.ViewModel.Cadastro.DefaultCasoParcelasView), ids:Edm.String
LoadResumoParcelasPendentes	GET			4	bindingParameter:Collection(Juritis.LegalDesk.ViewModel.Cadastro.DefaultCasoParcelasView), casoId:Edm.String, dataInicial:Edm.String, dataFinal:Edm.String
ManageProfessional	GET			3	bindingParameter:Collection(Juritis.LegalDesk.ViewModel.Cadastro.ManageableProfissionalView), managedProfessional:Edm.String, comboType:Edm.String
GenerateQueueReport	GET			9	bindingParameter:Collection(Juritis.LegalDesk.ViewModel.Cadastro.DefaultFilaImpressaoView), reportId:Edm.String, reportName:Edm.String, reportData:Edm.String, reportModelId:Edm.String, reportType:Edm.String, processo:Edm.String, context:Edm.String, extensao:Edm.String
RemoveSelectedFromQueue	GET			2	bindingParameter:Collection(Juritis.LegalDesk.ViewModel.Cadastro.DefaultFilaImpressaoView), filaImpressaoIds:Edm.String
RemoveAll	GET			1	bindingParameter:Collection(Juritis.LegalDesk.ViewModel.Cadastro.DefaultFilaImpressaoView)
Percentual	GET			6	bindingParameter:Collection(Juritis.LegalDesk.ViewModel.Cadastro.DefaultBusinessPlanView), type:Edm.String, bpId:Edm.String, percentual:Edm.Decimal, anoMes:Edm.String, multiSelectConta:Edm.String
BatchDelete	GET			2	bindingParameter:Collection(Juritis.LegalDesk.ViewModel.Cadastro.DefaultLancamentoView), anoMes:Edm.String
ReplicarCusto	GET			5	bindingParameter:Collection(Juritis.LegalDesk.ViewModel.Cadastro.DefaultCustoProfissionalView), custo:Edm.String, anoMesInicial:Edm.String, anoMesFinal:Edm.String, profissionais:Edm.String
AtualizarData	GET			1	bindingParameter:Collection(Juritis.LegalDesk.ViewModel.Cadastro.DefaultCustoProfissionalView)
ReplicarDados	GET			7	bindingParameter:Collection(Juritis.LegalDesk.ViewModel.Cadastro.DefaultBusinessPlanProfissionalView), Id:Edm.String, BusinessPlanId:Edm.String, ProfissionalId:Edm.String, ProfissionalNovo:Edm.String, ProfissionalIdAntigo:Edm.String, ProfissionalNovoAntigo:Edm.String
ReplicarDelete	GET			5	bindingParameter:Collection(Juritis.LegalDesk.ViewModel.Cadastro.DefaultBusinessPlanProfissionalView), BusinessPlanId:Edm.String, ProfissionalId:Edm.String, ProfissionalNovo:Edm.String, AnoMes:Edm.String
AddProfissionais	GET			2	bindingParameter:Collection(Juritis.LegalDesk.ViewModel.Cadastro.DefaultBusinessPlanProfissionalView), businessPlanId:Edm.String
DeleteProfissionais	GET			2	bindingParameter:Collection(Juritis.LegalDesk.ViewModel.Cadastro.DefaultBusinessPlanProfissionalView), businessPlanId:Edm.String
PercentualLote	GET			2	bindingParameter:Collection(Juritis.LegalDesk.ViewModel.Cadastro.DefaultBusinessPlanProfissionalView), percentual:Edm.Decimal
ValoresLote	GET			4	bindingParameter:Collection(Juritis.LegalDesk.ViewModel.Cadastro.DefaultBusinessPlanProfissionalView), valorhora:Edm.Decimal, valor:Edm.Decimal, tempo:Edm.Decimal
RemoveSelectedFromQueue	GET			2	bindingParameter:Collection(Juritis.LegalDesk.ViewModel.Cadastro.DefaultFilaEtiquetaView), filaImpressaoIds:Edm.String
RemoveAll	GET			1	bindingParameter:Collection(Juritis.LegalDesk.ViewModel.Cadastro.DefaultFilaEtiquetaView)
ChecarPendencias	GET			2	bindingParameter:Collection(Juritis.LegalDesk.ViewModel.Cadastro.DefaultCaixinhaView), solicitanteCodigo:Edm.String
LiberarSolicitacao	GET			2	bindingParameter:Collection(Juritis.LegalDesk.ViewModel.Cadastro.DefaultCaixinhaView), caixinhaId:Edm.String
Fechamento	GET			2	bindingParameter:Collection(Juritis.LegalDesk.ViewModel.Cadastro.DefaultCaixinhaView), caixinhaId:Edm.String
Cancelar	GET			2	bindingParameter:Collection(Juritis.LegalDesk.ViewModel.Cadastro.DefaultCaixinhaView), caixinhaId:Edm.String
FechamentoFolha	GET			3	bindingParameter:Collection(Juritis.LegalDesk.ViewModel.Cadastro.DefaultCaixinhaView), caixinhaId:Edm.String, contaId:Edm.String
GetProfissionalConta	GET			2	bindingParameter:Collection(Juritis.LegalDesk.ViewModel.Cadastro.DefaultCaixinhaView), caixinhaId:Edm.String
ChecarPendencias	GET			2	bindingParameter:Collection(Juritis.LegalDesk.ViewModel.Cadastro.DefaultSolicitacaoCaixinhaView), solicitanteCodigo:Edm.String
Cancelar	GET			2	bindingParameter:Collection(Juritis.LegalDesk.ViewModel.Cadastro.DefaultSolicitacaoCaixinhaView), caixinhaId:Edm.String
Aprovar	GET			3	bindingParameter:Collection(Juritis.LegalDesk.ViewModel.Cadastro.DefaultSolicitacaoPagamentoClienteView), ids:Edm.String, motivo:Edm.String
Reprovar	GET			3	bindingParameter:Collection(Juritis.LegalDesk.ViewModel.Cadastro.DefaultSolicitacaoPagamentoClienteView), ids:Edm.String, motivo:Edm.String
Aprovar	GET			3	bindingParameter:Collection(Juritis.LegalDesk.ViewModel.Cadastro.DefaultSolicitacaoPagamentoInstitucionalView), ids:Edm.String, motivo:Edm.String
Reprovar	GET			3	bindingParameter:Collection(Juritis.LegalDesk.ViewModel.Cadastro.DefaultSolicitacaoPagamentoInstitucionalView), ids:Edm.String, motivo:Edm.String
Aprovar	GET			3	bindingParameter:Collection(Juritis.LegalDesk.ViewModel.Cadastro.DefaultSolicitacaoPagamentoEscritorioView), ids:Edm.String, motivo:Edm.String
Reprovar	GET			3	bindingParameter:Collection(Juritis.LegalDesk.ViewModel.Cadastro.DefaultSolicitacaoPagamentoEscritorioView), ids:Edm.String, motivo:Edm.String
Aprovar	GET			3	bindingParameter:Collection(Juritis.LegalDesk.ViewModel.Cadastro.DefaultSolicitacaoPagamentoUnicoView), ids:Edm.String, motivo:Edm.String
Reprovar	GET			3	bindingParameter:Collection(Juritis.LegalDesk.ViewModel.Cadastro.DefaultSolicitacaoPagamentoUnicoView), ids:Edm.String, motivo:Edm.String
Aprovar	GET			3	bindingParameter:Collection(Juritis.LegalDesk.ViewModel.Cadastro.DefaultPrestacaoContaClienteView), ids:Edm.String, motivo:Edm.String
Reprovar	GET			3	bindingParameter:Collection(Juritis.LegalDesk.ViewModel.Cadastro.DefaultPrestacaoContaClienteView), ids:Edm.String, motivo:Edm.String
Aprovar	GET			3	bindingParameter:Collection(Juritis.LegalDesk.ViewModel.Cadastro.DefaultPrestacaoContaEscritorioView), ids:Edm.String, motivo:Edm.String
Reprovar	GET			3	bindingParameter:Collection(Juritis.LegalDesk.ViewModel.Cadastro.DefaultPrestacaoContaEscritorioView), ids:Edm.String, motivo:Edm.String
Aprovar	GET			3	bindingParameter:Collection(Juritis.LegalDesk.ViewModel.Cadastro.DefaultPrestacaoContaInstitucionalView), ids:Edm.String, motivo:Edm.String
Reprovar	GET			3	bindingParameter:Collection(Juritis.LegalDesk.ViewModel.Cadastro.DefaultPrestacaoContaInstitucionalView), ids:Edm.String, motivo:Edm.String
GetAcessoExcecao	GET			1	bindingParameter:Collection(Juritis.LegalDesk.ViewModel.Cadastro.DefaultAcessoExcecaoView)
AddFile	GET			3	bindingParameter:Collection(Juritis.LegalDesk.ViewModel.Cadastro.DefaultImportacaoColetorView), filePath:Edm.String, layoutId:Edm.String
RemoveFile	GET			2	bindingParameter:Collection(Juritis.LegalDesk.ViewModel.Cadastro.DefaultImportacaoColetorView), fileNames:Edm.String
DeleteAllFiles	GET			3	bindingParameter:Collection(Juritis.LegalDesk.ViewModel.Cadastro.DefaultImportacaoColetorView), filePath:Edm.String, layoutId:Edm.String
ImportColetor	GET			2	bindingParameter:Collection(Juritis.LegalDesk.ViewModel.Cadastro.DefaultImportacaoColetorView), filePath:Edm.String
DadosRightBar	GET			2	bindingParameter:Collection(Juritis.LegalDesk.ViewModel.Cadastro.DefaultImportacaoColetorView), ColetorId:Edm.String
AdicionarRemoverFavorito	GET			3	bindingParameter:Collection(Juritis.LegalDesk.ViewModel.Cadastro.DefaultMenuFavoritoView), menu_nome:Edm.String, operacao:Edm.String
MarcarComoRevisadoParcelasFixo	GET			5	bindingParameter:Collection(Juritis.LegalDesk.ViewModel.Cadastro.DefaultPreFaturaFixoView), ids:Edm.String, value:Edm.String, preFaturaContratoId:Edm.String, preFaturaId:Edm.String
MarcarTodosComoRevisadoParcelasFixo	GET			4	bindingParameter:Collection(Juritis.LegalDesk.ViewModel.Cadastro.DefaultPreFaturaFixoView), preFaturaId:Edm.String, preFaturaContratoId:Edm.String, value:Edm.String
MarcarComoAcumuladoParcelasFixo	GET			5	bindingParameter:Collection(Juritis.LegalDesk.ViewModel.Cadastro.DefaultPreFaturaFixoView), ids:Edm.String, value:Edm.String, preFaturaContratoId:Edm.String, preFaturaId:Edm.String
UpdateDescricao	GET			3	bindingParameter:Collection(Juritis.LegalDesk.ViewModel.Cadastro.DefaultPreFaturaFixoView), descricao:Edm.String, preFaturaFixoId:Edm.String
LimparPendencia	GET			2	bindingParameter:Collection(Juritis.LegalDesk.ViewModel.Cadastro.DefaultRegraEmailView), mailConfigId:Edm.String
AccessibleProfessionals	GET			1	bindingParameter:Collection(Juritis.LegalDesk.ViewModel.Cadastro.DefaultProfissionalRelatView)
AlertasWorkingArea	GET			2	bindingParameter:Collection(Juritis.LegalDesk.ViewModel.Cadastro.DefaultAlertaView), prof_id:Edm.String
GetTotalValorEtapas	GET			1	bindingParameter:Collection(Juritis.LegalDesk.ViewModel.Cadastro.DefaultOportunidadeView)
GetParticipantsData	GET			2	bindingParameter:Collection(Juritis.LegalDesk.ViewModel.Cadastro.DefaultOportunidadeView), oportunidadesId:Edm.String
GetTimelineHistoryOpt	GET			2	bindingParameter:Collection(Juritis.LegalDesk.ViewModel.Cadastro.DefaultOportunidadeView), oportunidadeId:Edm.String
EditOportunidadeContato	GET			2	bindingParameter:Collection(Juritis.LegalDesk.ViewModel.Cadastro.DefaultOportunidadeView), entity:Edm.String
EditOportunidadeValor	GET			3	bindingParameter:Collection(Juritis.LegalDesk.ViewModel.Cadastro.DefaultOportunidadeView), entity:Edm.String, tipoOfertaId:Edm.String
GetContactsImage	GET			2	bindingParameter:Collection(Juritis.LegalDesk.ViewModel.Cadastro.DefaultOportunidadeView), contatosPessoaId:Edm.String
GetDetailChartsInfo	GET			2	bindingParameter:Collection(Juritis.LegalDesk.ViewModel.Cadastro.DefaultOportunidadeView), oportunidadeId:Edm.String
UpdateGrupoAvaliacaoConflito	GET			5	bindingParameter:Collection(Juritis.LegalDesk.ViewModel.Cadastro.DefaultOportunidadeView), profissionaisParaRemover:Edm.String, profissionaisParaAdicionar:Edm.String, oportunidadeId:Edm.String, profissionalId:Edm.String
GenerateChangeHistoryContent	GET			4	bindingParameter:Collection(Juritis.LegalDesk.ViewModel.Cadastro.DefaultOportunidadeView), action:Edm.String, type:Edm.String, oportunidadeId:Edm.String
UpdateAvaliacaoConflitoInteresse	GET			5	bindingParameter:Collection(Juritis.LegalDesk.ViewModel.Cadastro.DefaultOportunidadeView), oportunidadeId:Edm.String, profissionalId:Edm.String, avaliacao:Edm.String, voto:Edm.String
UpdateDataPrazoAvaliacao	GET			4	bindingParameter:Collection(Juritis.LegalDesk.ViewModel.Cadastro.DefaultOportunidadeView), oportunidadeId:Edm.String, profissionalId:Edm.String, dataPrazo:Edm.String
OriginacaoObrigatoria	GET			2	bindingParameter:Collection(Juritis.LegalDesk.ViewModel.Cadastro.DefaultOportunidadeParticipacaoView), participacoes:Edm.String
SomaOriginacao	GET			2	bindingParameter:Collection(Juritis.LegalDesk.ViewModel.Cadastro.DefaultOportunidadeParticipacaoView), originacoes:Edm.String
GetEtapasCount	GET			1	bindingParameter:Collection(Juritis.LegalDesk.ViewModel.Cadastro.DefaultOportunidadeEtapaView)
CancelarEstorno	GET			2	bindingParameter:Collection(Juritis.LegalDesk.ViewModel.Cadastro.DefaultReporOrcamentoView), Id:Edm.String
LoadCasoResumo	GET			4	bindingParameter:Collection(Juritis.LegalDesk.ViewModel.Cadastro.DefaultRevisaoCasoFixoRevisadoView), casoId:Edm.String, dataInicial:Edm.String, dataFinal:Edm.String
LoadResumoProfissionaisTabelaPadrao	GET			5	bindingParameter:Collection(Juritis.LegalDesk.ViewModel.Cadastro.DefaultRevisaoCasoFixoRevisadoView), casoId:Edm.String, dataInicial:Edm.String, dataFinal:Edm.String, profissionalId:Edm.String
LoadResumoProfissionaisTabelaCaso	GET			5	bindingParameter:Collection(Juritis.LegalDesk.ViewModel.Cadastro.DefaultRevisaoCasoFixoRevisadoView), casoId:Edm.String, dataInicial:Edm.String, dataFinal:Edm.String, profissionalId:Edm.String
AcumularCaso	GET			6	bindingParameter:Collection(Juritis.LegalDesk.ViewModel.Cadastro.DefaultRevisaoCasoFixoRevisadoView), casoId:Edm.String, dataInicial:Edm.String, dataFinal:Edm.String, tipo:Edm.String, profissionalId:Edm.String
InsertFilteredIntoQueue	GET			2	bindingParameter:Collection(Juritis.LegalDesk.ViewModel.Cadastro.DefaultTimesheetGrupoJuridicoView), GrupoJuridicoId:Edm.String
Delete	GET			2	bindingParameter:Collection(Juritis.LegalDesk.ViewModel.Cadastro.DefaultAlcadaPlanejamentoView), alcadaId:Edm.String
MarcarFiltroComo	GET			3	bindingParameter:Collection(Juritis.LegalDesk.ViewModel.Cadastro.FiltroGridView), filterId:Edm.String, padrao:Edm.String
AccessibleProfessionals	GET			1	bindingParameter:Collection(Juritis.LegalDesk.ViewModel.Cadastro.DefaultProfissionalSocioRelatView)
EncerrarEmLote	GET			4	bindingParameter:Collection(Juritis.LegalDesk.ViewModel.Cadastro.DefaultCasoEmLoteView), selected:Edm.String, motivo:Edm.String, responsavelId:Edm.String
ReabrirEmLote	GET			4	bindingParameter:Collection(Juritis.LegalDesk.ViewModel.Cadastro.DefaultCasoEmLoteView), selected:Edm.String, motivo:Edm.String, responsavelId:Edm.String
QueryEmLote	GET			1	bindingParameter:Collection(Juritis.LegalDesk.ViewModel.Cadastro.DefaultCasoEmLoteView)
WorkareaComponentsConfig	GET			3	bindingParameter:Collection(Juritis.LegalDesk.ViewModel.Cadastro.DefaultComponenteView), perfilId:Edm.String, usuarioId:Edm.String
SaveWorkareaComponentsConfigByUser	GET			4	bindingParameter:Collection(Juritis.LegalDesk.ViewModel.Cadastro.DefaultComponenteView), ids:Edm.String, perfilId:Edm.String, usuarioId:Edm.String
GetValue	GET			4	bindingParameter:Collection(Juritis.LegalDesk.ViewModel.Cadastro.DefaultCorrespondenteComarcaView), correspondenteId:Edm.String, atoId:Edm.String, cidadeId:Edm.String
ManualyGenerateReport	GET			3	bindingParameter:Collection(Juritis.LegalDesk.ViewModel.Cadastro.DefaultChecagemConflitoView), checagemConflitoId:Edm.String, action:Edm.String
AprovacaoValoresCompromisso	GET			5	bindingParameter:Collection(Juritis.LegalDesk.ViewModel.Cadastro.DefaultAgendaCorrespondenteView), compromissoId:Edm.String, aprovado:Edm.String, motivo:Edm.String, requiredReason:Edm.Boolean
MarcarComoLidaNaoLida	GET			3	bindingParameter:Collection(Juritis.LegalDesk.ViewModel.Cadastro.DefaultRevisaoFixoInstrucaoView), instrucoesLidas:Edm.String, instrucoesNaoLidas:Edm.String
RotinaRelatorioAutomatico	GET			1	bindingParameter:Collection(Juritis.LegalDesk.ViewModel.Cadastro.DefaultAgendadorRelatorioView)
BuildAssuntoCampos	GET			2	bindingParameter:Collection(Juritis.LegalDesk.ViewModel.Cadastro.DefaultCabecalhoAssuntoView), assuntoId:Edm.String
GetPrazoDias	GET			2	bindingParameter:Collection(Juritis.LegalDesk.ViewModel.Cadastro.DefaultTipoSolicitacaoView), id:Edm.String
ResumoCaso	GET			4	bindingParameter:Collection(Juritis.LegalDesk.ViewModel.Cadastro.DefaultRevisaoTimesheetResumoProfissionalView), casoId:Edm.String, moedaId:Edm.String, moedaSigla:Edm.String
ResumoDebitosCaso	GET			4	bindingParameter:Collection(Juritis.LegalDesk.ViewModel.Cadastro.DefaultRevisaoTimesheetResumoProfissionalView), casoId:Edm.String, moedaId:Edm.String, moedaSigla:Edm.String
